101AES2005;9_17/9/2022
259BES0010;7_16/7/2022
259BES0030;7_17/7/2022
259BES0060;7_17/7/2022
259BES0070;7_17/7/2022
259BES0075;7_17/7/2022
259BES0080;7_17/7/2022
259BES0085;7_18/7/2022
259BES0095;7_18/7/2022
262BES0010;10_15/10/2022
262BES0020;10_15/10/2022
262BES0030;10_15/10/2022
262BES0070;10_16/10/2022
262BES0090;10_16/10/2022
262BES0100;10_17/10/2022
262BES0110;10_17/10/2022
262BES0130;10_17/10/2022
262BES0150;10_17/10/2022
262BES0155;10_18/10/2022
262BES0170;10_18/10/2022
262BES0190;10_18/10/2022
262BES0195;10_18/10/2022
262BES0200;10_18/10/2022
262BES0205;10_19/10/2022
262BES0210;10_19/10/2022
262BES0220;10_19/10/2022
342BES0260;11_8/11/2022
342BES0265;11_8/11/2022
342BES0290;11_8/11/2022
342BES0300;11_9/11/2022
393BES0010;8_15/8/2022
393BES0030;8_16/8/2022
447BES0020;8_16/8/2022
447BES0030;8_16/8/2022
447BES0035;8_16/8/2022
482BES0012;9_5/9/2022
482BES0020;9_5/9/2022
482BES0050;9_5/9/2022
482BES0055;9_5/9/2022
482BES0070;9_5/9/2022
482BES0075;9_6/9/2022
482BES0090;9_6/9/2022
482BES0110;9_6/9/2022
482BES0120;9_6/9/2022
482BES0130;9_6/9/2022
484BES0060;9_7/9/2022
050AMG1005;7_4/7/2022
050BMG0220;9_16/9/2022
050BMG0240;9_16/9/2022
050BMG0245;9_16/9/2022
116BMG1010;9_30/9/2022
116BMG1015;9_30/9/2022
116BMG1020;10_1/10/2022
116BMG1030;10_2/10/2022
116BMG1050;7_4/7/2022
116BMG1070;7_5/7/2022
116BMG1090;7_5/7/2022
116BMG1110;7_6/7/2022
116BMG1120;7_6/7/2022
116BMG1130;7_6/7/2022
116BMG1150;7_7/7/2022
116BMG1160;7_7/7/2022
116BMG1170;7_8/7/2022
116BMG1175;7_8/7/2022
116BMG1180;10_3/10/2022
116BMG1185;10_3/10/2022
116BMG1190;10_3/10/2022
116BMG1195;10_3/10/2022
116BMG1202;10_4/10/2022
116BMG1210;10_4/10/2022
116BMG1230;10_4/10/2022
116BMG1250;10_4/10/2022
116BMG1270;10_4/10/2022
116BMG1275;10_4/10/2022
116BMG1280;10_5/10/2022
116BMG1285;10_5/10/2022
116BMG1287;10_5/10/2022
116BMG1290;10_5/10/2022
116BMG1295;10_5/10/2022
116BMG1300;10_5/10/2022
116BMG1310;10_5/10/2022
116BMG1330;10_5/10/2022
116BMG1350;10_6/10/2022
116BMG1360;10_7/10/2022
116BMG1370;10_7/10/2022
116BMG1390;10_7/10/2022
116BMG1410;10_8/10/2022
116BMG1430;10_8/10/2022
116BMG1450;10_8/10/2022
116BMG1465;10_8/10/2022
120BMG0200;7_8/7/2022
122BMG0670;7_8/7/2022
135BMG0650;7_9/7/2022
146BMG0010;7_9/7/2022
146BMG0055;7_9/7/2022
146BMG0060;7_10/7/2022
146BMG0070;7_10/7/2022
146BMG0155;10_8/10/2022
146BMG0190;10_8/10/2022
146BMG0210;10_8/10/2022
146BMG0225;10_8/10/2022
146BMG0230;10_9/10/2022
146BMG0240;10_9/10/2022
146BMG0250;10_9/10/2022
146BMG0252;10_9/10/2022
146BMG0253;10_10/10/2022
146BMG0270;10_10/10/2022
146BMG0290;10_10/10/2022
146BMG0295;10_10/10/2022
146BMG0300;10_10/10/2022
154BMG0115;10_11/10/2022
154BMG0120;10_11/10/2022
154BMG0130;10_11/10/2022
251BMG0220;10_12/10/2022
251BMG0230;10_12/10/2022
251BMG0240;10_13/10/2022
251BMG0250;7_11/7/2022
251BMG0270;7_12/7/2022
251BMG0280;7_13/7/2022
251BMG0300;7_13/7/2022
251BMG0305;7_13/7/2022
251BMG0310;7_13/7/2022
251BMG0330;7_13/7/2022
251BMG0430;7_14/7/2022
251BMG0435;7_14/7/2022
251BMG0440;7_14/7/2022
251BMG0450;7_15/7/2022
259BMG0100;10_13/10/2022
259BMG0110;10_14/10/2022
259BMG0130;10_15/10/2022
259BMG0150;10_15/10/2022
259BMG0160;10_15/10/2022
259BMG0170;10_15/10/2022
262BMG0230;10_19/10/2022
262BMG0240;10_19/10/2022
262BMG0250;10_19/10/2022
262BMG0270;10_20/10/2022
262BMG0290;10_20/10/2022
262BMG0297;10_28/10/2022
262BMG0300;10_28/10/2022
262BMG0310;10_28/10/2022
262BMG0320;10_28/10/2022
262BMG0330;10_28/10/2022
262BMG0350;10_29/10/2022
262BMG0370;10_29/10/2022
262BMG0390;10_29/10/2022
262BMG0393;10_29/10/2022
262BMG0405;10_29/10/2022
262BMG0520;7_18/7/2022
262BMG0530;7_18/7/2022
262BMG0550;7_18/7/2022
262BMG0570;7_18/7/2022
262BMG0610;7_18/7/2022
262BMG0630;7_18/7/2022
265BMG0010;10_29/10/2022
265AMG1005;7_19/7/2022
265BMG0170;10_30/10/2022
265BMG0190;10_30/10/2022
265BMG0205;10_30/10/2022
265BMG0210;10_31/10/2022
265BMG0220;10_31/10/2022
265BMG0225;10_31/10/2022
265BMG0230;11_1/11/2022
265BMG0250;11_1/11/2022
265BMG0255;11_1/11/2022
265BMG0260;11_2/11/2022
265BMG0270;7_19/7/2022
265BMG0290;7_19/7/2022
265BMG0305;7_20/7/2022
265BMG0310;7_20/7/2022
265BMG0311;11_2/11/2022
265BMG0330;11_2/11/2022
265BMG0350;11_3/11/2022
265BMG0360;11_3/11/2022
265BMG0370;11_3/11/2022
265BMG0420;11_3/11/2022
265BMG0440;11_4/11/2022
267BMG0030;11_4/11/2022
267BMG0050;11_5/11/2022
267BMG0060;11_5/11/2022
267BMG0070;11_5/11/2022
267BMG0090;11_5/11/2022
267BMG0110;11_6/11/2022
267BMG0130;11_6/11/2022
267BMG0140;11_6/11/2022
267BMG0150;11_6/11/2022
267BMG0165;11_6/11/2022
267BMG0168;11_6/11/2022
267BMG0172;11_7/11/2022
267BMG0175;11_7/11/2022
267BMG0180;11_7/11/2022
267BMG0190;11_7/11/2022
267BMG0210;11_7/11/2022
267BMG0230;11_8/11/2022
352BMG0130;7_20/7/2022
352BMG0160;7_21/7/2022
352BMG0170;7_21/7/2022
352BMG0173;7_21/7/2022
352BMG0190;7_21/7/2022
352BMG0210;7_21/7/2022
352BMG0212;7_22/7/2022
352BMG0215;7_22/7/2022
352BMG0220;7_23/7/2022
352BMG0225;7_23/7/2022
352BMG0270;7_23/7/2022
352BMG0290;7_23/7/2022
352BMG0310;7_24/7/2022
352BMG0315;7_24/7/2022
352BMG0330;8_2/8/2022
352BMG0331;8_2/8/2022
354BMG0110;11_9/11/2022
354BMG0150;11_9/11/2022
354BMG0170;11_10/11/2022
354BMG0190;11_10/11/2022
354BMG0210;11_10/11/2022
354BMG0250;11_10/11/2022
354BMG0270;8_3/8/2022
354BMG0290;8_3/8/2022
354BMG0310;8_4/8/2022
354BMG0320;8_4/8/2022
354BMG0330;8_4/8/2022
354BMG0350;8_5/8/2022
354BMG0370;8_5/8/2022
354BMG0380;8_5/8/2022
354BMG0390;8_6/8/2022
354BMG0510;11_10/11/2022
354BMG0530;11_10/11/2022
354BMG0550;11_10/11/2022
354BMG0570;11_11/11/2022
354BMG0590;11_11/11/2022
354BMG0595;11_11/11/2022
356BMG0050;11_12/11/2022
356BMG0070;11_12/11/2022
356BMG0090;11_12/11/2022
356BMG0100;11_13/11/2022
356BMG0110;11_13/11/2022
356BMG0200;11_13/11/2022
356BMG0215;11_14/11/2022
364BMG0250;8_6/8/2022
364BMG0255;8_6/8/2022
364BMG0260;8_6/8/2022
364BMG0265;8_6/8/2022
364BMG0270;8_6/8/2022
364BMG0280;8_6/8/2022
364BMG0310;8_7/8/2022
364BMG0335;8_9/8/2022
364BMG0350;11_17/11/2022
364BMG0353;8_8/8/2022
364BMG0355;11_17/11/2022
365BMG0030;11_18/11/2022
365BMG0040;11_18/11/2022
365BMG0045;11_18/11/2022
365BMG0050;11_27/11/2022
365BMG0063;11_27/11/2022
365BMG0070;11_27/11/2022
365BMG0090;11_28/11/2022
365BMG0110;11_28/11/2022
365BMG0125;11_28/11/2022
365BMG0130;11_29/11/2022
365BMG0150;11_29/11/2022
365BMG0155;11_29/11/2022
365BMG0175;11_30/11/2022
365BMG0190;11_30/11/2022
365BMG0205;11_30/11/2022
365BMG0210;11_30/11/2022
365BMG0215;12_1/12/2022
365BMG0230;12_1/12/2022
365BMG0243;12_2/12/2022
365BMG0250;12_2/12/2022
365BMG0255;12_2/12/2022
365BMG0270;12_3/12/2022
365BMG0310;12_3/12/2022
367BMG0090;12_4/12/2022
367BMG0100;12_4/12/2022
367BMG0110;12_5/12/2022
367BMG0130;12_6/12/2022
367BMG0200;12_6/12/2022
367BMG0210;12_6/12/2022
367BMG0220;12_6/12/2022
381UMG1005;8_15/8/2022
381UMG1010;8_15/8/2022
381UMG1015;8_15/8/2022
381UMG1020;8_15/8/2022
381BMG0155;8_9/8/2022
381BMG0160;8_9/8/2022
381BMG0170;8_9/8/2022
381BMG0180;8_10/8/2022
381BMG0185;8_10/8/2022
381BMG0187;8_10/8/2022
381BMG0190;8_11/8/2022
381BMG0210;8_11/8/2022
381BMG0220;8_11/8/2022
381BMG0230;8_11/8/2022
381BMG0240;8_11/8/2022
381BMG0250;8_12/8/2022
381BMG0275;8_12/8/2022
381BMG0290;8_13/8/2022
381BMG0295;8_13/8/2022
381BMG0310;8_13/8/2022
381BMG0330;8_13/8/2022
381BMG0335;8_14/8/2022
381BMG0350;8_14/8/2022
381BMG0360;8_14/8/2022
383BMG0255;8_15/8/2022
383BMG0265;8_15/8/2022
440BMG0010;8_16/8/2022
452BMG0230;8_17/8/2022
452BMG0235;8_17/8/2022
452BMG0237;8_17/8/2022
452BMG0240;8_18/8/2022
452BMG0250;8_18/8/2022
452BMG0270;8_18/8/2022
458BMG0070;8_19/8/2022
459BMG0015;8_20/8/2022
459BMG0020;8_20/8/2022
459BMG0025;8_21/8/2022
459BMG0030;8_22/8/2022
459BMG0050;8_22/8/2022
459BMG0060;8_22/8/2022
459BMG0065;8_22/8/2022
459BMG0072;8_22/8/2022
459BMG0090;8_31/8/2022
459BMG0110;8_31/8/2022
459BMG0116;8_31/8/2022
459BMG0118;8_31/8/2022
459BMG0130;8_31/8/2022
459BMG0150;8_31/8/2022
474BMG0010;9_2/9/2022
474BMG0012;9_2/9/2022
474BMG0015;9_2/9/2022
474BMG0020;9_3/9/2022
474BMG0025;9_3/9/2022
474BMG0035;9_4/9/2022
474BMG0039;9_4/9/2022
474BMG0045;9_4/9/2022
474BMG0047;9_4/9/2022
474BMG0050;9_5/9/2022
494BMG0010;9_11/9/2022
494BMG0030;9_11/9/2022
494BMG0045;9_11/9/2022
494BMG0050;9_12/9/2022
494BMG0060;9_12/9/2022
494BMG0075;9_13/9/2022
494BMG0090;9_13/9/2022
494BMG0091;9_14/9/2022
494BMG0100;9_14/9/2022
499BMG0010;9_15/9/2022
116APR1020;7_25/7/2022
153BPR1210;12_6/12/2022
153APR2005;12_6/12/2022
153APR1005;12_6/12/2022
153BPR1213;12_6/12/2022
153BPR1220;12_6/12/2022
153BPR1230;12_6/12/2022
153BPR1240;12_6/12/2022
153BPR1250;12_6/12/2022
153BPR1252;12_6/12/2022
153BPR1253;12_6/12/2022
153BPR1255;12_6/12/2022
153BPR1270;12_5/12/2022
153BPR1290;12_5/12/2022
153BPR1293;12_5/12/2022
153BPR1295;12_5/12/2022
153BPR1297;12_5/12/2022
153BPR1298;12_5/12/2022
153BPR1300;12_5/12/2022
153BPR1305;12_5/12/2022
153BPR1310;12_5/12/2022
153BPR1320;12_5/12/2022
153BPR1330;12_5/12/2022
153BPR1350;12_4/12/2022
153BPR1410;12_4/12/2022
153BPR1420;12_4/12/2022
153BPR1430;12_4/12/2022
153BPR1431;12_4/12/2022
153BPR1433;12_4/12/2022
153BPR1437;12_4/12/2022
153BPR1440;12_4/12/2022
153BPR1443;12_4/12/2022
153BPR1445;12_4/12/2022
153BPR1448;12_4/12/2022
153BPR1449;12_3/12/2022
153BPR1450;12_3/12/2022
153BPR1470;12_3/12/2022
153BPR1475;12_3/12/2022
153BPR1480;12_3/12/2022
153BPR1490;12_3/12/2022
153BPR1497;12_3/12/2022
153BPR1500;12_3/12/2022
153BPR1510;12_3/12/2022
158BPR0870;8_5/8/2022
158BPR0880;8_5/8/2022
158BPR0890;8_5/8/2022
158BPR0920;7_30/7/2022
158BPR0925;8_2/8/2022
158BPR0927;8_2/8/2022
158BPR0970;8_17/8/2022
158BPR0990;9_19/9/2022
163UPR1005;8_31/8/2022
163BPR0030;9_2/9/2022
163BPR0035;9_9/9/2022
163BPR0040;9_9/9/2022
163BPR0045;9_10/9/2022
163BPR0050;9_10/9/2022
163BPR0055;9_10/9/2022
163BPR0060;9_11/9/2022
163BPR0065;9_14/9/2022
163BPR0067;9_14/9/2022
163BPR0069;8_30/8/2022
163BPR0071;9_5/9/2022
163BPR0073;9_5/9/2022
163BPR0075;9_5/9/2022
163BPR0080;9_6/9/2022
163BPR0082;8_30/8/2022
163BPR0083;8_30/8/2022
163BPR0084;8_30/8/2022
163BPR0087;8_30/8/2022
163BPR0088;8_31/8/2022
163BPR0089;8_31/8/2022
163BPR0090;8_31/8/2022
163BPR0092;8_31/8/2022
163BPR0095;8_31/8/2022
163BPR0100;8_23/8/2022
163BPR0105;8_27/8/2022
163BPR0110;8_28/8/2022
163BPR0115;8_29/8/2022
163BPR0120;8_20/8/2022
163BPR0122;8_25/8/2022
163BPR0125;8_25/8/2022
163BPR0128;8_25/8/2022
163BPR0135;8_20/8/2022
163BPR0140;8_20/8/2022
272BPR0455;8_15/8/2022
272BPR0458;8_15/8/2022
272BPR0460;8_15/8/2022
272BPR0470;8_15/8/2022
272BPR0490;8_16/8/2022
272BPR0500;8_16/8/2022
272BPR0560;8_20/8/2022
272BPR0565;8_23/8/2022
272BPR0570;8_23/8/2022
277APR2005;7_25/7/2022
277APR4505;7_30/7/2022
277APR1005;7_25/7/2022
277APR3005;7_23/7/2022
277BPR0010;7_30/7/2022
277APR4005;7_30/7/2022
277VPR1005;7_23/7/2022
277APR2010;7_25/7/2022
277APR3010;7_23/7/2022
277BPR0015;7_30/7/2022
277BPR0020;7_30/7/2022
277VPR1010;7_23/7/2022
277BPR0025;7_31/7/2022
277APR5010;7_28/7/2022
277VPR1015;7_23/7/2022
277VPR1020;7_23/7/2022
277BPR0030;7_31/7/2022
277BPR0033;8_1/8/2022
277BPR0051;7_28/7/2022
277BPR0053;7_28/7/2022
277BPR0055;7_28/7/2022
277BPR0058;7_29/7/2022
277BPR0060;7_29/7/2022
277BPR0065;7_29/7/2022
277BPR0070;7_29/7/2022
277BPR0075;7_29/7/2022
277BPR0080;7_23/7/2022
277BPR0085;7_25/7/2022
277BPR0090;7_25/7/2022
277BPR0110;7_26/7/2022
277BPR0130;7_27/7/2022
277BPR0135;7_27/7/2022
277BPR0140;7_27/7/2022
277BPR0150;7_27/7/2022
277BPR0160;7_27/7/2022
277BPR0170;7_27/7/2022
277BPR0190;7_24/7/2022
277BPR0205;7_24/7/2022
277BPR0210;7_24/7/2022
277BPR0215;7_24/7/2022
277BPR0220;7_24/7/2022
277BPR0230;8_1/8/2022
277BPR0235;8_2/8/2022
277BPR0240;8_2/8/2022
277BPR0250;8_3/8/2022
277BPR0270;8_3/8/2022
277BPR0280;8_4/8/2022
277BPR0285;8_4/8/2022
277BPR0290;8_4/8/2022
277BPR0295;8_5/8/2022
277BPR0300;8_5/8/2022
277BPR0305;8_5/8/2022
277BPR0307;8_6/8/2022
277BPR0310;8_6/8/2022
277BPR0315;8_6/8/2022
277BPR0320;8_6/8/2022
277BPR0325;8_6/8/2022
277BPR0330;8_6/8/2022
277BPR0335;8_6/8/2022
277BPR0340;8_7/8/2022
277BPR0345;8_7/8/2022
277BPR0350;8_7/8/2022
277BPR0355;8_7/8/2022
277BPR0360;8_7/8/2022
277BPR0365;8_8/8/2022
277BPR0370;8_8/8/2022
277BPR0375;8_8/8/2022
277BPR0380;8_9/8/2022
277BPR0385;8_10/8/2022
277BPR0387;8_10/8/2022
277BPR0390;8_10/8/2022
280BPR0330;9_14/9/2022
280BPR0350;9_16/9/2022
369APR1005;8_14/8/2022
369BPR0473;7_4/7/2022
369BPR0480;7_4/7/2022
369BPR0490;7_4/7/2022
369BPR0495;7_4/7/2022
369BPR0500;7_4/7/2022
369BPR0505;7_5/7/2022
369BPR0520;7_5/7/2022
369BPR0530;7_5/7/2022
369BPR0540;7_5/7/2022
369BPR0543;7_5/7/2022
369BPR0545;7_5/7/2022
369BPR0550;7_7/7/2022
369BPR0565;7_8/7/2022
369BPR0570;7_8/7/2022
369BPR0575;7_8/7/2022
369BPR0580;7_8/7/2022
369BPR0590;7_8/7/2022
369BPR0600;7_5/7/2022
369BPR0605;7_5/7/2022
369BPR0610;7_5/7/2022
369BPR0615;7_6/7/2022
369BPR0620;7_6/7/2022
369BPR0630;7_6/7/2022
369BPR0650;7_6/7/2022
369BPR0660;7_7/7/2022
369BPR0665;7_7/7/2022
369BPR0670;7_7/7/2022
369BPR0675;7_7/7/2022
369BPR0680;7_7/7/2022
369BPR0685;7_8/7/2022
369BPR0690;7_9/7/2022
369BPR0695;7_9/7/2022
369BPR0700;7_7/7/2022
369BPR0705;7_7/7/2022
369BPR0710;7_7/7/2022
369BPR0715;7_7/7/2022
369BPR0720;7_7/7/2022
369BPR0725;7_9/7/2022
369BPR0730;7_9/7/2022
369BPR0735;7_9/7/2022
369BPR0738;7_9/7/2022
369BPR0785;8_11/8/2022
369BPR0790;8_11/8/2022
369BPR0795;8_11/8/2022
369BPR0800;8_12/8/2022
369BPR0805;8_12/8/2022
369BPR0810;8_13/8/2022
369BPR0830;8_13/8/2022
369BPR0850;8_14/8/2022
369BPR0870;8_14/8/2022
373BPR0320;7_14/7/2022
373BPR0330;7_14/7/2022
373BPR0350;7_14/7/2022
373BPR0370;7_15/7/2022
373BPR0375;7_15/7/2022
373BPR0380;7_15/7/2022
373BPR0390;7_15/7/2022
373BPR0450;9_17/9/2022
373BPR0455;9_17/9/2022
373BPR0470;9_19/9/2022
373BPR0475;9_19/9/2022
376UPR2005;7_21/7/2022
376CPR1005;7_20/7/2022
376APR2005;7_9/7/2022
376APR1005;7_9/7/2022
376UPR2010;7_21/7/2022
376CPR1010;7_20/7/2022
376CPR1015;7_20/7/2022
376UPR2015;7_21/7/2022
376CPR1020;7_20/7/2022
376CPR1025;7_21/7/2022
376CPR1030;7_21/7/2022
376BPR0145;7_9/7/2022
376BPR0150;7_10/7/2022
376BPR0155;7_10/7/2022
376BPR0160;7_10/7/2022
376BPR0165;7_11/7/2022
376BPR0170;7_11/7/2022
376BPR0180;7_11/7/2022
376BPR0185;7_11/7/2022
376BPR0190;7_11/7/2022
376BPR0193;7_11/7/2022
376BPR0195;7_11/7/2022
376BPR0199;7_11/7/2022
376BPR0203;7_12/7/2022
376BPR0204;7_12/7/2022
376BPR0205;7_12/7/2022
376BPR0206;7_12/7/2022
376BPR0207;7_12/7/2022
376BPR0209;7_13/7/2022
376BPR0210;7_13/7/2022
376BPR0215;7_13/7/2022
376BPR0217;7_13/7/2022
376BPR0220;7_13/7/2022
376BPR0225;7_14/7/2022
376BPR0230;7_14/7/2022
376BPR0265;7_16/7/2022
376BPR0270;7_16/7/2022
376BPR0275;7_16/7/2022
376BPR0280;7_16/7/2022
376BPR0285;7_17/7/2022
376BPR0290;7_17/7/2022
376BPR0293;7_17/7/2022
376BPR0295;7_17/7/2022
376BPR0300;7_18/7/2022
376BPR0310;7_18/7/2022
376BPR0330;7_18/7/2022
376BPR0340;7_18/7/2022
376BPR0350;7_18/7/2022
376BPR0370;7_19/7/2022
376BPR0400;7_19/7/2022
376BPR0410;7_20/7/2022
376BPR0415;7_20/7/2022
376BPR0420;7_22/7/2022
467BPR0060;8_30/8/2022
469APR1010;8_15/8/2022
469BPR0030;8_15/8/2022
469BPR0040;8_15/8/2022
469BPR0050;8_15/8/2022
476BPR0030;12_2/12/2022
476BPR0033;12_2/12/2022
476BPR0036;12_2/12/2022
476BPR0040;12_2/12/2022
476BPR0050;12_2/12/2022
476BPR0052;12_2/12/2022
476BPR0055;12_2/12/2022
476BPR0058;12_2/12/2022
476BPR0090;12_1/12/2022
476BPR0091;12_1/12/2022
476BPR0093;12_1/12/2022
476BPR0094;12_1/12/2022
476BPR0095;12_1/12/2022
476BPR0100;12_1/12/2022
476BPR0110;12_1/12/2022
476BPR0120;12_1/12/2022
476BPR0125;11_30/11/2022
476BPR0130;11_30/11/2022
476BPR0140;11_30/11/2022
487BPR0070;8_18/8/2022
487BPR0150;8_18/8/2022
487BPR0151;8_18/8/2022
487BPR0152;8_18/8/2022
487BPR0154;8_20/8/2022
040ARJ1005;9_15/9/2022
040ARJ1010;9_15/9/2022
040ARJ1015;9_16/9/2022
040ARJ1020;9_16/9/2022
040ARJ1025;9_16/9/2022
040ARJ1030;9_16/9/2022
040ARJ1035;9_16/9/2022
101BRJ3290;9_17/9/2022
101BRJ3310;9_17/9/2022
101BRJ3320;9_17/9/2022
101BRJ3330;9_17/9/2022
101BRJ3335;9_17/9/2022
101BRJ3337;9_17/9/2022
101BRJ3340;9_18/9/2022
101BRJ3345;9_18/9/2022
101BRJ3350;9_18/9/2022
101BRJ3370;9_19/9/2022
101BRJ3390;9_19/9/2022
101BRJ3410;9_20/9/2022
101BRJ3430;9_29/9/2022
354BRJ0610;11_12/11/2022
356BRJ0230;11_14/11/2022
356BRJ0250;11_14/11/2022
356BRJ0270;11_14/11/2022
356BRJ0290;11_14/11/2022
356BRJ0300;11_14/11/2022
356BRJ0305;11_15/11/2022
356BRJ0310;11_15/11/2022
356BRJ0330;11_15/11/2022
356BRJ0350;11_16/11/2022
356BRJ0370;11_16/11/2022
356BRJ0385;11_16/11/2022
356BRJ0390;11_17/11/2022
356BRJ0430;11_17/11/2022
356BRJ0450;11_17/11/2022
393ARJ1010;8_15/8/2022
393BRJ0560;8_16/8/2022
393BRJ0570;8_16/8/2022
393BRJ0590;8_16/8/2022
393BRJ0610;8_16/8/2022
465BRJ0010;9_1/9/2022
465BRJ0020;9_1/9/2022
465BRJ0025;9_1/9/2022
465BRJ0028;9_1/9/2022
465BRJ0030;9_2/9/2022
465BRJ0070;9_2/9/2022
485BRJ0010;9_7/9/2022
493BRJ0010;9_7/9/2022
493BRJ0030;9_8/9/2022
493BRJ0050;9_8/9/2022
493BRJ0110;9_8/9/2022
493BRJ0120;9_8/9/2022
493BRJ0130;9_9/9/2022
493BRJ0140;9_9/9/2022
493BRJ0145;9_10/9/2022
493BRJ0150;9_10/9/2022
493BRJ0155;9_10/9/2022
493BRJ0160;9_11/9/2022
495BRJ0015;9_15/9/2022
495BRJ0030;9_15/9/2022
101CRS1005;11_5/11/2022
101CRS1010;11_5/11/2022
101CRS1015;11_5/11/2022
101CRS1020;11_5/11/2022
101BRS4500;10_22/10/2022
116ARS1005;11_4/11/2022
116ARS1205;11_4/11/2022
116BRS3010;11_11/11/2022
116BRS3020;11_11/11/2022
116BRS3030;11_11/11/2022
116BRS3050;11_11/11/2022
116BRS3070;11_11/11/2022
116BRS3080;11_11/11/2022
116BRS3090;11_4/11/2022
116BRS3100;11_4/11/2022
116BRS3110;11_4/11/2022
116BRS3130;11_4/11/2022
116BRS3150;11_5/11/2022
116BRS3160;11_5/11/2022
116BRS3165;11_5/11/2022
116BRS3168;11_5/11/2022
116BRS3170;11_4/11/2022
116BRS3190;11_4/11/2022
116BRS3210;11_4/11/2022
116BRS3230;11_4/11/2022
116BRS3265;11_3/11/2022
116BRS3270;11_3/11/2022
116BRS3277;11_3/11/2022
116BRS3280;11_3/11/2022
116BRS3290;11_3/11/2022
116BRS3295;11_3/11/2022
116BRS3297;11_3/11/2022
116BRS3310;11_3/11/2022
116BRS3460;10_20/10/2022
153BRS1650;8_21/8/2022
153ARS1005;10_30/10/2022
153BRS1655;8_21/8/2022
153BRS1658;8_21/8/2022
153BRS1660;8_23/8/2022
153BRS1662;8_23/8/2022
153BRS1663;8_23/8/2022
153BRS1670;11_12/11/2022
153BRS1785;11_1/11/2022
153BRS1792;11_1/11/2022
153BRS1800;11_1/11/2022
153BRS1810;11_1/11/2022
153BRS1830;10_14/10/2022
153BRS1840;10_14/10/2022
153BRS1850;10_15/10/2022
153BRS1870;10_15/10/2022
153BRS1890;10_15/10/2022
153BRS1910;10_16/10/2022
153BRS1920;10_17/10/2022
153BRS1930;10_16/10/2022
153BRS1940;10_16/10/2022
153BRS1950;10_17/10/2022
158ARS3005;10_27/10/2022
158BRS1110;9_6/9/2022
158ARS1005;10_3/10/2022
158ARS2005;10_4/10/2022
158ARS3010;10_27/10/2022
158BRS1115;9_6/9/2022
158BRS1120;9_7/9/2022
158BRS1130;9_7/9/2022
158BRS1140;9_7/9/2022
158BRS1145;9_11/9/2022
158BRS1150;9_11/9/2022
158BRS1160;9_12/9/2022
158BRS1165;9_12/9/2022
158BRS1170;9_12/9/2022
158BRS1190;9_13/9/2022
158BRS1192;9_13/9/2022
158BRS1195;9_13/9/2022
158BRS1210;9_14/9/2022
158BRS1230;9_30/9/2022
158BRS1235;10_1/10/2022
158BRS1240;9_30/9/2022
158BRS1250;10_1/10/2022
158BRS1260;10_1/10/2022
158BRS1270;10_2/10/2022
158BRS1290;10_2/10/2022
158BRS1310;10_2/10/2022
158BRS1315;10_2/10/2022
158BRS1317;10_3/10/2022
158BRS1319;10_3/10/2022
158BRS1340;10_25/10/2022
158BRS1350;10_25/10/2022
158BRS1360;10_26/10/2022
158BRS1370;10_26/10/2022
158BRS1390;10_26/10/2022
158BRS1400;10_26/10/2022
158BRS1405;10_28/10/2022
158BRS1410;10_28/10/2022
285BRS0075;11_5/11/2022
285BRS0077;11_5/11/2022
285BRS0090;11_10/11/2022
285BRS0110;11_11/11/2022
285BRS0120;11_11/11/2022
285BRS0132;11_11/11/2022
285BRS0135;11_11/11/2022
285BRS0140;11_11/11/2022
285BRS0150;11_12/11/2022
285BRS0160;11_12/11/2022
285BRS0170;11_12/11/2022
285BRS0175;11_12/11/2022
285BRS0180;11_12/11/2022
285BRS0183;11_12/11/2022
285BRS0185;11_12/11/2022
285BRS0190;11_12/11/2022
285BRS0210;11_12/11/2022
285BRS0230;9_28/9/2022
285BRS0250;9_29/9/2022
285BRS0260;9_29/9/2022
285BRS0270;9_29/9/2022
285BRS0290;9_30/9/2022
285BRS0310;9_15/9/2022
285BRS0315;9_15/9/2022
285BRS0320;9_15/9/2022
285BRS0325;9_16/9/2022
285BRS0330;9_17/9/2022
285BRS0350;9_18/9/2022
285BRS0355;9_18/9/2022
285BRS0360;9_18/9/2022
285BRS0362;9_20/9/2022
285BRS0365;9_20/9/2022
285BRS0370;9_20/9/2022
285BRS0390;9_21/9/2022
285BRS0391;9_20/9/2022
285BRS0392;9_21/9/2022
287ARS1005;10_4/10/2022
287BRS0250;10_5/10/2022
287BRS0270;10_5/10/2022
287BRS0290;10_5/10/2022
287BRS0310;10_6/10/2022
287BRS0330;10_6/10/2022
287BRS0350;10_6/10/2022
287BRS0370;10_7/10/2022
287BRS0390;10_7/10/2022
287BRS0410;10_7/10/2022
287BRS0430;10_8/10/2022
290ARS3005;10_11/10/2022
290BRS0110;11_2/11/2022
290BRS0120;11_2/11/2022
290BRS0140;11_2/11/2022
290BRS0160;11_3/11/2022
290BRS0170;11_3/11/2022
290BRS0175;11_2/11/2022
290BRS0180;11_2/11/2022
290BRS0190;11_1/11/2022
290BRS0230;10_14/10/2022
290BRS0250;10_14/10/2022
290BRS0260;10_13/10/2022
290BRS0270;10_13/10/2022
290BRS0290;10_13/10/2022
290BRS0340;10_12/10/2022
290BRS0350;10_12/10/2022
290BRS0380;10_12/10/2022
290BRS0390;10_11/10/2022
290BRS0410;10_10/10/2022
290BRS0420;10_10/10/2022
290BRS0430;10_11/10/2022
293ARS3005;10_28/10/2022
293ARS2005;11_1/11/2022
293BRS0010;10_18/10/2022
293BRS0030;10_18/10/2022
293BRS0035;10_19/10/2022
293BRS0050;10_19/10/2022
293BRS0070;10_19/10/2022
293BRS0085;10_17/10/2022
293BRS0090;10_18/10/2022
293BRS0110;10_30/10/2022
293BRS0130;10_30/10/2022
293BRS0150;10_29/10/2022
293BRS0190;10_29/10/2022
293BRS0200;10_29/10/2022
377BRS0010;9_28/9/2022
386BRS0130;9_27/9/2022
386BRS0140;9_27/9/2022
386BRS0150;9_27/9/2022
386BRS0155;9_28/9/2022
386BRS0365;11_4/11/2022
392ARS4005;10_20/10/2022
392ARS5005;10_23/10/2022
392ARS1005;10_22/10/2022
392ARS4010;10_20/10/2022
392ARS4015;10_20/10/2022
392BRS0170;10_23/10/2022
392BRS0190;10_23/10/2022
392BRS0210;10_24/10/2022
392BRS0230;10_24/10/2022
392BRS0233;10_24/10/2022
392BRS0250;10_25/10/2022
392BRS0430;9_21/9/2022
392BRS0440;9_22/9/2022
392BRS0450;9_22/9/2022
392BRS0470;9_22/9/2022
448BRS0010;11_4/11/2022
453BRS0130;11_13/11/2022
468BRS0010;9_26/9/2022
468BRS0030;9_26/9/2022
468BRS0050;9_26/9/2022
468BRS0070;9_24/9/2022
468BRS0090;9_25/9/2022
468BRS0110;9_25/9/2022
468BRS0120;9_24/9/2022
468BRS0125;9_25/9/2022
468BRS0130;9_26/9/2022
470BRS0320;11_15/11/2022
470BRS0332;11_15/11/2022
470BRS0335;11_16/11/2022
470BRS0337;11_16/11/2022
470BRS0340;11_16/11/2022
470BRS0345;11_16/11/2022
470BRS0347;11_16/11/2022
470BRS0377;11_12/11/2022
470BRS0380;11_12/11/2022
470BRS0385;11_12/11/2022
470BRS0388;11_13/11/2022
470BRS0390;11_13/11/2022
470BRS0395;11_13/11/2022
470BRS0400;11_13/11/2022
470BRS0410;11_13/11/2022
470BRS0415;11_13/11/2022
470BRS0420;11_13/11/2022
470BRS0450;11_13/11/2022
470BRS0470;11_13/11/2022
470BRS0472;11_15/11/2022
470BRS0473;11_15/11/2022
470BRS0475;11_15/11/2022
470BRS0535;11_15/11/2022
470BRS0537;11_15/11/2022
470BRS0540;11_15/11/2022
470BRS0550;11_15/11/2022
470BRS0565;11_15/11/2022
470BRS0570;11_15/11/2022
471BRS0052;11_2/11/2022
471BRS0070;11_2/11/2022
471BRS0210;10_21/10/2022
471BRS0230;10_21/10/2022
471BRS0250;10_21/10/2022
471BRS0270;10_22/10/2022
472BRS0070;9_23/9/2022
472BRS0090;9_23/9/2022
472BRS0095;9_23/9/2022
472BRS0110;9_24/9/2022
472BRS0185;10_8/10/2022
472BRS0190;10_8/10/2022
472BRS0200;10_8/10/2022
472BRS0210;10_9/10/2022
472BRS0215;10_9/10/2022
472BRS0225;10_9/10/2022
472BRS0230;10_10/10/2022
480BRS0176;8_22/8/2022
480BRS0177;8_22/8/2022
480BRS0178;8_22/8/2022
101USC1005;11_25/11/2022
101ASC3005;11_25/11/2022
101USC1010;11_25/11/2022
101BSC4125;11_6/11/2022
101BSC4130;11_6/11/2022
101BSC4140;11_6/11/2022
101BSC4150;11_6/11/2022
101BSC4170;11_6/11/2022
101BSC4175;11_6/11/2022
101BSC4180;11_6/11/2022
101BSC4190;11_6/11/2022
101BSC4200;11_8/11/2022
101BSC4210;11_8/11/2022
101BSC4220;11_8/11/2022
101BSC4230;11_8/11/2022
101BSC4235;11_8/11/2022
101BSC4237;11_8/11/2022
101BSC4242;11_8/11/2022
101BSC4250;11_8/11/2022
101BSC4290;11_8/11/2022
153BSC1530;8_18/8/2022
153BSC1540;8_19/8/2022
153BSC1550;8_19/8/2022
153BSC1565;8_19/8/2022
153BSC1570;8_19/8/2022
153BSC1590;8_21/8/2022
153BSC1610;8_22/8/2022
153BSC1620;8_22/8/2022
153BSC1630;8_22/8/2022
153BSC1640;8_22/8/2022
158BSC1085;9_2/9/2022
158BSC1090;9_8/9/2022
158BSC1095;9_8/9/2022
158BSC1100;9_8/9/2022
158BSC1105;9_8/9/2022
163ASC1005;9_16/9/2022
163BSC0025;8_28/8/2022
163BSC0026;9_2/9/2022
163BSC0027;9_3/9/2022
163BSC0028;9_3/9/2022
163BSC0029;9_3/9/2022
280BSC0005;11_28/11/2022
280BSC0010;11_28/11/2022
280BSC0015;11_28/11/2022
280BSC0020;11_28/11/2022
280BSC0030;11_28/11/2022
280BSC0040;11_29/11/2022
280BSC0060;11_29/11/2022
280BSC0065;11_29/11/2022
280BSC0070;11_29/11/2022
280BSC0085;11_29/11/2022
280BSC0090;11_29/11/2022
280BSC0092;11_27/11/2022
280BSC0095;11_27/11/2022
280BSC0110;11_27/11/2022
280BSC0115;11_27/11/2022
280BSC0117;11_28/11/2022
280BSC0120;11_28/11/2022
280BSC0125;11_28/11/2022
280BSC0127;11_28/11/2022
280BSC0130;11_28/11/2022
280BSC0140;11_28/11/2022
282ASC1005;8_29/8/2022
282BSC0010;11_24/11/2022
282BSC0030;11_26/11/2022
282BSC0035;11_26/11/2022
282BSC0040;11_26/11/2022
282BSC0050;11_26/11/2022
282BSC0070;11_26/11/2022
282BSC0090;11_26/11/2022
282BSC0095;11_26/11/2022
282BSC0110;11_27/11/2022
282BSC0130;11_27/11/2022
282BSC0140;11_27/11/2022
282BSC0150;11_27/11/2022
282BSC0175;11_27/11/2022
282BSC0180;11_29/11/2022
282BSC0190;11_29/11/2022
282BSC0191;11_29/11/2022
282BSC0210;11_29/11/2022
282BSC0220;11_29/11/2022
282BSC0225;11_30/11/2022
282BSC0228;11_30/11/2022
282BSC0230;11_30/11/2022
282BSC0245;11_30/11/2022
282BSC0250;12_1/12/2022
282BSC0270;12_1/12/2022
282BSC0290;12_1/12/2022
282BSC0295;12_1/12/2022
282BSC0310;8_24/8/2022
282BSC0330;8_24/8/2022
282BSC0340;8_26/8/2022
282BSC0350;8_26/8/2022
282BSC0370;8_26/8/2022
282BSC0375;8_29/8/2022
282BSC0377;8_29/8/2022
282BSC0380;8_29/8/2022
282BSC0385;8_29/8/2022
282BSC0393;9_4/9/2022
282BSC0395;9_4/9/2022
282BSC0400;9_4/9/2022
283BSC0015;11_16/11/2022
283BSC0020;11_16/11/2022
283BSC0025;11_16/11/2022
470ASC2005;11_23/11/2022
470ASC1005;11_23/11/2022
470BSC0010;11_23/11/2022
470BSC0030;11_23/11/2022
470BSC0050;11_23/11/2022
470BSC0060;11_23/11/2022
470BSC0090;11_23/11/2022
470BSC0100;11_22/11/2022
470BSC0110;11_22/11/2022
470BSC0130;11_22/11/2022
470BSC0150;11_20/11/2022
470BSC0160;11_20/11/2022
470BSC0165;11_20/11/2022
470BSC0170;11_20/11/2022
470BSC0173;11_18/11/2022
470BSC0175;11_18/11/2022
470BSC0180;11_18/11/2022
470BSC0190;11_18/11/2022
470BSC0210;11_17/11/2022
470BSC0230;11_17/11/2022
470BSC0250;11_17/11/2022
470BSC0310;11_16/11/2022
477BSC0110;11_22/11/2022
480BSC0130;8_27/8/2022
480BSC0135;8_27/8/2022
101BSP3450;9_29/9/2022
101BSP3470;9_30/9/2022
158BSP0545;10_11/10/2022
158BSP0550;10_11/10/2022
158BSP0555;10_11/10/2022
158BSP0560;10_11/10/2022
158BSP0565;10_11/10/2022
262BSP1255;7_19/7/2022
459BSP0170;9_1/9/2022
459BSP0190;9_1/9/2022
488BSP0010;9_7/9/2022
488BSP0011;9_7/9/2022
488BSP0012;9_7/9/2022
488BSP0013;9_7/9/2022
488BSP0014;9_7/9/2022
488BSP0015;9_7/9/2022